cayley,cayley,cayley
-145.7265625,-253.3098602294922,-402.1513977050781
-231.93165588378906,-379.0818176269531,-375.0721130371094
-311.0397644042969,-496.5484313964844,-444.69110107421875
-338.8182373046875,-540.322265625,-471.23577880859375
-354.5622863769531,-568.1466674804688,-479.4577331542969
-367.0681457519531,-592.4976196289062,-487.72137451171875
-375.7815246582031,-611.7822875976562,-492.094482421875
-383.0787658691406,-629.3172607421875,-494.3200988769531
-388.9867858886719,-645.0946655273438,-496.0714111328125
-393.94317626953125,-659.48779296875,-497.52789306640625
-398.1598205566406,-672.7625122070312,-498.7237548828125
-401.83367919921875,-685.1477661132812,-499.7660217285156
-405.0747375488281,-696.7435913085938,-500.67303466796875
-407.9710693359375,-707.6431274414062,-501.49456787109375
-410.5824890136719,-717.897705078125,-502.2402038574219
-412.9559020996094,-727.5416870117188,-502.92572021484375
-415.12677001953125,-736.5950927734375,-503.5611877441406
-417.12408447265625,-745.0714111328125,-504.1529235839844
-418.9710388183594,-752.9798583984375,-504.7070007324219
-420.6866455078125,-760.3286743164062,-505.22796630859375
-422.2864990234375,-767.1265258789062,-505.71966552734375
-423.78387451171875,-773.3843383789062,-506.18524169921875
-425.1898193359375,-779.1156616210938,-506.62744140625
-426.513916015625,-784.3370361328125,-507.04864501953125
-427.7645568847656,-789.0684814453125,-507.4508361816406
-428.9488525390625,-793.3334350585938,-507.83587646484375
-430.0733337402344,-797.1578369140625,-508.2052917480469
-431.1438293457031,-800.5704956054688,-508.5604553222656
-432.1654357910156,-803.6021728515625,-508.90264892578125
-433.1427307128906,-806.2848510742188,-509.23291015625
-434.0799255371094,-808.6512451171875,-509.5522155761719
-434.9806823730469,-810.7341918945312,-509.8614196777344
-435.848388671875,-812.56591796875,-510.1612548828125
-436.6860656738281,-814.17724609375,-510.4523620605469
-437.4963073730469,-815.5977172851562,-510.7353515625
-438.28167724609375,-816.8544921875,-511.0107116699219
-439.0443115234375,-817.9724731445312,-511.2789001464844
-439.7862548828125,-818.9739990234375,-511.54034423828125
-440.5093688964844,-819.8787231445312,-511.79534912109375
-441.2153015136719,-820.7036743164062,-512.0443115234375
-441.90570068359375,-821.4632568359375,-512.2874145507812
-442.58203125,-822.1695556640625,-512.5250244140625
-443.2456359863281,-822.8324584960938,-512.7572021484375
-443.8978576660156,-823.4598388671875,-512.984130859375
-444.5400390625,-824.0581665039062,-513.2057495117188
-445.17327880859375,-824.6321411132812,-513.4212036132812
-445.7987976074219,-825.1856079101562,-513.62744140625
-446.41766357421875,-825.7214965820312,-513.8134765625
-447.0311279296875,-826.2418823242188,-513.9390258789062
-447.6401672363281,-826.74853515625,-513.8733520507812
-448.2458801269531,-827.2424926757812,-513.1488647460938
-448.8493347167969,-827.7249145507812,-511.24273681640625
-449.4514465332031,-828.1964721679688,-508.4861755371094
-450.0533752441406,-828.6578369140625,-512.1320190429688
-450.6560974121094,-829.109375,-514.607666015625
-451.2606201171875,-829.5515747070312,-515.1879272460938
-451.8680114746094,-829.9847412109375,-515.2509765625
-452.4791259765625,-830.4091796875,-515.5021362304688
-453.0950927734375,-830.8252563476562,-515.7723999023438
-453.71685791015625,-831.2330932617188,-515.9572143554688
-454.34552001953125,-831.6329345703125,-516.111572265625
-454.9819641113281,-832.0249633789062,-516.265869140625
-455.62725830078125,-832.4093627929688,-516.420166015625
-456.2825012207031,-832.7863159179688,-516.5706176757812
-456.9486389160156,-833.156005859375,-516.7164306640625
-457.626708984375,-833.5184936523438,-516.857177734375
-458.3179626464844,-833.8739624023438,-516.9893798828125
-459.0233154296875,-834.2225341796875,-517.1004028320312
-459.74395751953125,-834.5643920898438,-517.1478271484375
-460.4811096191406,-834.899658203125,-516.9893798828125
-461.2359924316406,-835.2284545898438,-516.2720947265625
-462.009765625,-835.5509033203125,-514.6414794921875
-462.8038330078125,-835.8672485351562,-514.37060546875
-463.6195373535156,-836.177490234375,-516.6097412109375
-464.45831298828125,-836.4818725585938,-517.8679809570312
-465.3216552734375,-836.780517578125,-517.8843383789062
-466.21112060546875,-837.0736083984375,-518.0350952148438
-467.1283874511719,-837.3612060546875,-518.2686767578125
-468.0751953125,-837.6435546875,-518.4091186523438
-469.0533752441406,-837.9207153320312,-518.5189819335938
-470.0647888183594,-838.1929321289062,-518.6360473632812
-471.1114807128906,-838.4602661132812,-518.7534790039062
-472.1954345703125,-838.722900390625,-518.8657836914062
-473.31890869140625,-838.98095703125,-518.9747924804688
-474.4841003417969,-839.2345581054688,-519.08203125
-475.6934509277344,-839.483642578125,-519.1880493164062
-476.94940185546875,-839.7276611328125,-519.2927856445312
-478.2545166015625,-839.9631958007812,-519.3964233398438
-479.6114807128906,-840.172119140625,-519.4988403320312
-481.0227355957031,-840.2579345703125,-519.6001586914062
-482.4891662597656,-839.7100219726562,-519.7003784179688
-484.0019226074219,-836.2814331054688,-519.799560546875
-485.4913635253906,-826.8077392578125,-519.8977661132812
-486.5181579589844,-829.48291015625,-519.994873046875
-484.98736572265625,-839.5838623046875,-520.0908203125
-480.2089538574219,-840.5646362304688,-520.1852416992188
-486.7101745605469,-840.557373046875,-520.2771606445312
-493.7071533203125,-841.61083984375,-520.3630981445312
-496.1758728027344,-841.9393310546875,-520.4320678710938
-497.9917297363281,-842.099609375,-520.4469604492188
-500.4179992675781,-842.3626098632812,-520.2908325195312
-502.98663330078125,-842.5805053710938,-519.5958251953125
-505.5008850097656,-842.75732421875,-517.8096313476562
-507.9442443847656,-842.9354858398438,-515.385986328125
-510.1956787109375,-843.112548828125,-516.2796630859375
-511.90673828125,-843.28369140625,-517.4173583984375
-513.1163330078125,-843.4505615234375,-517.8678588867188
-517.4483642578125,-843.61474609375,-519.7171020507812
-521.9225463867188,-843.776611328125,-520.9476928710938
-525.6491088867188,-843.9361572265625,-521.1030883789062
-529.0628051757812,-844.093505859375,-521.1964721679688
-532.5894775390625,-844.248779296875,-521.3694458007812
-536.300537109375,-844.4020385742188,-521.4901123046875
-540.1723022460938,-844.5534057617188,-521.5712890625
-544.1835327148438,-844.7028198242188,-521.650146484375
-548.3003540039062,-844.8502807617188,-521.7300415039062
-552.4432373046875,-844.9957275390625,-521.8069458007812
-556.4497680664062,-845.1386108398438,-521.8812255859375
-560.0615234375,-845.2780151367188,-521.9539184570312
-563.7105712890625,-845.4112548828125,-522.0254516601562
-568.5106201171875,-845.5323486328125,-522.0961303710938
-575.3162841796875,-845.6244506835938,-522.1660766601562
-581.94140625,-845.6539916992188,-522.2352294921875
-587.897705078125,-845.5236206054688,-522.3037719726562
-593.712890625,-845.17431640625,-522.3716430664062
-599.8025512695312,-844.4783325195312,-522.4389038085938
-606.4757080078125,-844.5523681640625,-522.5055541992188
-613.3524169921875,-844.9805297851562,-522.5716552734375
-620.3197021484375,-845.974609375,-522.63720703125
-627.3452758789062,-846.5070190429688,-522.7022094726562
-634.4825439453125,-846.7789306640625,-522.7666625976562
-641.7446899414062,-846.9324340820312,-522.8305053710938
-649.1099853515625,-847.0519409179688,-522.8936767578125
-656.4933471679688,-847.15966796875,-522.9559326171875
-663.7472534179688,-847.2532348632812,-523.0166015625
-670.571533203125,-847.3143920898438,-523.0741577148438
-677.173583984375,-847.2959594726562,-523.124267578125
-684.2786254882812,-847.0797729492188,-523.1552734375
-693.6928100585938,-846.4139404296875,-523.13427734375
-703.2288208007812,-844.92431640625,-522.974365234375
-711.96728515625,-843.0292358398438,-522.476318359375
-719.829833984375,-842.7369995117188,-521.476318359375
-727.54638671875,-845.3692626953125,-520.5966796875
-735.661376953125,-847.547119140625,-521.7017211914062
-744.120849609375,-848.1200561523438,-523.099853515625
-752.2592163085938,-848.0617065429688,-523.5474243164062
-759.9152221679688,-847.9697265625,-523.5474243164062
-767.1984252929688,-847.8826904296875,-523.6358642578125
-774.1738891601562,-847.627197265625,-523.7545776367188
-780.8309326171875,-847.5595092773438,-523.83251953125
-787.1036987304688,-847.5452270507812,-523.8892211914062
-792.8875122070312,-848.05810546875,-523.9447021484375
-797.9468994140625,-848.469970703125,-524.0011596679688
-802.1729125976562,-848.848388671875,-524.0559692382812
-805.5968017578125,-849.0743408203125,-524.1074829101562
-810.3314208984375,-849.2313232421875,-524.1538696289062
-815.8350219726562,-849.3473510742188,-524.1898803710938
-821.4154663085938,-849.4473876953125,-524.2020874023438
-825.6189575195312,-849.538818359375,-524.158935546875
-828.8812866210938,-849.6260375976562,-523.9903564453125
-831.62890625,-849.70947265625,-523.5844116210938
-834.0030517578125,-849.7898559570312,-522.8834228515625
-836.0159912109375,-849.865478515625,-522.408447265625
-837.6215209960938,-849.9359130859375,-522.791748046875
-838.9247436523438,-849.9959106445312,-523.9265747070312
-840.00439453125,-850.0435180664062,-524.5289916992188
-841.2899169921875,-850.0635375976562,-524.65087890625
-842.6370849609375,-850.0560302734375,-524.6808471679688
-843.9129638671875,-849.9824829101562,-524.748291015625
-844.9126586914062,-849.8885498046875,-524.8216552734375
-845.6480712890625,-849.7145385742188,-524.8801879882812
-846.2073364257812,-849.6884765625,-524.9285888671875
-846.6422729492188,-849.6666259765625,-524.9741821289062
-846.9865112304688,-849.8638305664062,-525.01953125
-847.254150390625,-849.9007568359375,-525.0645751953125
-847.4446411132812,-849.6891479492188,-525.10888671875
-847.5533447265625,-848.9059448242188,-525.1520385742188
-847.5404052734375,-847.3958740234375,-525.193115234375
-847.4071655273438,-846.3929443359375,-525.2295532226562
-847.0814819335938,-846.9066772460938,-525.2538452148438
-846.8189697265625,-849.3028564453125,-525.2452392578125
-846.6260375976562,-850.7913208007812,-525.1422119140625
-847.0701904296875,-851.20166015625,-524.8058471679688
-847.6301879882812,-851.2308349609375,-523.9557495117188
-848.2339477539062,-851.2625122070312,-523.00732421875
-848.543212890625,-851.3355102539062,-523.0138549804688
-848.61328125,-851.3943481445312,-524.81689453125
-848.5996704101562,-851.43359375,-525.4678955078125
-848.5814819335938,-851.43505859375,-525.443115234375
-848.7405395507812,-851.4326782226562,-525.527099609375
-849.0032958984375,-851.3958740234375,-525.6483764648438
-849.3482666015625,-851.4009399414062,-525.7124633789062
-849.6528930664062,-851.3922119140625,-525.7523193359375
-849.9000854492188,-851.481689453125,-525.7943115234375
-850.0879516601562,-851.5669555664062,-525.8375854492188
-850.2381591796875,-851.7271728515625,-525.878662109375
-850.3643188476562,-851.8577880859375,-525.917724609375
-850.4769897460938,-852.0033569335938,-525.955322265625
-850.58056640625,-852.113525390625,-525.991943359375
-850.67822265625,-852.218505859375,-526.0274047851562
-850.7704467773438,-852.3001708984375,-526.0613403320312
-850.8580322265625,-852.37744140625,-526.093017578125
-850.9396362304688,-852.440185546875,-526.1212158203125
-851.014892578125,-852.5007934570312,-526.1431274414062
-851.080322265625,-852.5497436523438,-526.1550903320312
-851.134521484375,-852.5972290039062,-526.14794921875
-851.1700439453125,-852.63134765625,-526.1118774414062
-851.1851196289062,-852.6633911132812,-526.0211181640625
-851.1658935546875,-852.6756591796875,-525.872802734375
-851.116943359375,-852.681640625,-525.642578125
-851.015380859375,-852.6480712890625,-525.4639892578125
-850.880859375,-852.5772705078125,-525.3692626953125
-850.64697265625,-852.3818969726562,-525.4690551757812
-850.3261108398438,-851.9633178710938,-525.4718017578125
-849.7515258789062,-851.1248779296875,-525.215087890625
-849.3233032226562,-849.6519165039062,-525.0588989257812
-849.0936889648438,-848.6188354492188,-525.224365234375
-850.022705078125,-848.66064453125,-525.9307250976562
-851.01318359375,-850.9180908203125,-526.4221801757812
-851.825927734375,-852.5367431640625,-526.616943359375
-852.1984252929688,-853.150146484375,-526.6632080078125
-852.3491821289062,-853.2660522460938,-526.696533203125
-852.4276123046875,-853.3069458007812,-526.739501953125
-852.4945068359375,-853.3893432617188,-526.7805786132812
-852.5572509765625,-853.4722900390625,-526.8143920898438
-852.616455078125,-853.5501708984375,-526.8425903320312
-852.6663208007812,-853.608154296875,-526.8658447265625
-852.708984375,-853.6617431640625,-526.8848266601562
-852.7384643554688,-853.7022705078125,-526.895263671875
-852.7607421875,-853.74365234375,-526.8960571289062
-852.7675170898438,-853.7738037109375,-526.8737182617188
-852.7735595703125,-853.8079833984375,-526.8318481445312
-852.7694702148438,-853.8310546875,-526.7391967773438
-852.7850952148438,-853.8626098632812,-526.6517944335938
-852.8070678710938,-853.884033203125,-526.53125
-852.8703002929688,-853.9204711914062,-526.58056640625
-852.9467163085938,-853.9487915039062,-526.6835327148438
-853.0554809570312,-853.9972534179688,-526.9214477539062
-853.1603393554688,-854.0386962890625,-527.0926513671875
-853.26904296875,-854.0999145507812,-527.1984252929688
-853.3564453125,-854.1527709960938,-527.2494506835938
-853.4276733398438,-854.219970703125,-527.2772827148438
-853.46630859375,-854.276611328125,-527.2957153320312
-853.4658203125,-854.3414916992188,-527.3058471679688
-853.40576171875,-854.394775390625,-527.3025512695312
-853.2467651367188,-854.451904296875,-527.272705078125
-852.9859619140625,-854.4967651367188,-527.1982421875
-852.5587768554688,-854.5409545898438,-527.04296875
-852.2225341796875,-854.5676879882812,-526.8002319335938
-851.9775390625,-854.5796508789062,-526.4869995117188
-852.3460083007812,-854.5453491210938,-526.35986328125
-852.8462524414062,-854.4269409179688,-526.547119140625
-853.396728515625,-854.128662109375,-527.037109375
-853.7266845703125,-853.4451904296875,-527.411865234375
-853.8883056640625,-852.31689453125,-527.5673217773438
-853.986083984375,-850.6265258789062,-527.6049194335938
-854.0540771484375,-850.5117797851562,-527.62353515625
-854.1356201171875,-851.4938354492188,-527.6468505859375
-854.2109985351562,-853.6010131835938,-527.6688232421875
-854.29541015625,-854.6329956054688,-527.6825561523438
-854.368408203125,-854.889892578125,-527.6798706054688
-854.4419555664062,-854.9307861328125,-527.651123046875
-854.50244140625,-854.9757080078125,-527.5692749023438
-854.56103515625,-855.0576171875,-527.4168701171875
-854.607666015625,-855.1339111328125,-527.1331176757812
-854.6527099609375,-855.2064819335938,-526.8483276367188
-854.686767578125,-855.263427734375,-526.5949096679688
-854.720703125,-855.3173828125,-526.8618774414062
-854.7442626953125,-855.3611450195312,-527.284423828125
-854.7705078125,-855.4044189453125,-527.7154541015625
-854.7877807617188,-855.439697265625,-527.90869140625
-854.8126220703125,-855.4755249023438,-527.96240234375
-854.831298828125,-855.5042114257812,-527.9761352539062
-854.8635864257812,-855.534423828125,-527.987548828125
-854.892578125,-855.5582885742188,-527.9948120117188
-854.9380493164062,-855.5855102539062,-527.9894409179688
-854.9797973632812,-855.6075439453125,-527.9545288085938
-855.0339965820312,-855.6356811523438,-527.8843994140625
-855.0784912109375,-855.6602172851562,-527.7391357421875
-855.1229248046875,-855.693359375,-527.5780029296875
-855.1394653320312,-855.7242431640625,-527.377197265625
-855.118896484375,-855.764404296875,-527.4351196289062
-854.9944458007812,-855.80224609375,-527.6221313476562
-854.6911010742188,-855.84765625,-527.9110107421875
-854.0133666992188,-855.8892211914062,-528.0582275390625
-853.044189453125,-855.934814453125,-528.0675659179688
-852.0225830078125,-855.973876953125,-527.999755859375
-852.5545043945312,-856.0115356445312,-527.90576171875
-853.7910766601562,-856.035888671875,-527.8229370117188
-854.973388671875,-856.04345703125,-527.8020629882812
-855.415771484375,-856.0093994140625,-527.8662719726562
-855.4940185546875,-855.8908081054688,-528.007568359375
-855.5029907226562,-855.6083374023438,-528.1435546875
-855.5376586914062,-854.9608154296875,-528.2525634765625
-855.5784301757812,-853.9238891601562,-528.3214721679688
-855.63232421875,-852.2969360351562,-528.3701782226562
-855.6799926757812,-852.086181640625,-528.40625
-855.736572265625,-852.7744140625,-528.43603515625
-855.7860107421875,-854.8499755859375,-528.4608154296875
-855.8410034179688,-855.954833984375,-528.4824829101562
-855.8870849609375,-856.2929077148438,-528.5010375976562
-855.9352416992188,-856.34521484375,-528.51708984375
-855.9734497070312,-856.3781127929688,-528.5299682617188
-856.0120239257812,-856.4396362304688,-528.5392456054688
-856.0405883789062,-856.5057373046875,-528.5429077148438
-856.0689697265625,-856.5672607421875,-528.5393676757812
-856.0872192382812,-856.6187133789062,-528.5239868164062
-856.104736328125,-856.6636352539062,-528.4937133789062
-856.1102905273438,-856.701904296875,-528.4400024414062
-856.1115112304688,-856.7361450195312,-528.3639526367188
-856.09228515625,-856.7657470703125,-528.260009765625
-856.0521240234375,-856.7924194335938,-528.1589965820312
-855.9631958007812,-856.815673828125,-528.069580078125
-855.8026733398438,-856.8370361328125,-528.0459594726562
-855.5422973632812,-856.8565673828125,-528.0235595703125
-855.1648559570312,-856.8756103515625,-527.9928588867188
-854.818359375,-856.8951416015625,-527.8251953125
-854.6278076171875,-856.9160766601562,-527.7559814453125
-854.8936767578125,-856.9398803710938,-527.754150390625
-855.3805541992188,-856.9664916992188,-528.150634765625
-855.9024047851562,-856.9972534179688,-528.5149536132812
-856.256103515625,-857.030517578125,-528.7682495117188
-856.4461059570312,-857.0672607421875,-528.8629150390625
-856.5484619140625,-857.1046142578125,-528.8895874023438
-856.6060791015625,-857.1436157226562,-528.9027099609375
-856.6503295898438,-857.1808471679688,-528.91650390625
-856.683349609375,-857.218017578125,-528.930419921875
-856.7142944335938,-857.2515869140625,-528.9408569335938
-856.7385864257812,-857.2835083007812,-528.9467163085938
-856.7628173828125,-857.3094482421875,-528.94384765625
-856.7820434570312,-857.330078125,-528.9327392578125
-856.8028564453125,-857.3360595703125,-528.9029541015625
-856.820556640625,-857.319091796875,-528.8634643554688
-856.841552734375,-857.2434692382812,-528.7939453125
-856.8607788085938,-857.05615234375,-528.7462158203125
-856.8837280273438,-856.5899047851562,-528.690185546875
-856.904296875,-855.7159423828125,-528.7384033203125
-856.9251098632812,-854.0297241210938,-528.8064575195312
-856.93701171875,-852.9617309570312,-528.9359741210938
-856.93603515625,-852.6023559570312,-529.0307006835938
-856.903076171875,-855.0946655273438,-529.09814453125
-856.8134765625,-856.7612915039062,-529.13134765625
-856.6219482421875,-857.4258422851562,-529.1426391601562
-856.26953125,-857.5244750976562,-529.13232421875
-855.7626953125,-857.55078125,-529.0930786132812
-855.2216186523438,-857.6090087890625,-529.0042114257812
-855.0785522460938,-857.6836547851562,-528.8394775390625
-855.4271240234375,-857.7456665039062,-528.5687866210938
-856.1087036132812,-857.7970581054688,-528.260498046875
-856.6876220703125,-857.833984375,-528.0692749023438
-857.0225219726562,-857.8659057617188,-528.29052734375
-857.1900634765625,-857.888427734375,-528.740478515625
-857.2771606445312,-857.909423828125,-529.1326293945312
-857.33544921875,-857.92236328125,-529.2887573242188
-857.3807983398438,-857.936279296875,-529.3212280273438
-857.4177856445312,-857.9429931640625,-529.3322143554688
-857.4488525390625,-857.9544677734375,-529.3487548828125
-857.4740600585938,-857.96044921875,-529.3673095703125
-857.4955444335938,-857.976318359375,-529.3834228515625
-857.512451171875,-857.9886474609375,-529.3955688476562
-857.5277099609375,-858.0147094726562,-529.4033203125
-857.5401611328125,-858.03759765625,-529.4048461914062
-857.5538940429688,-858.0737915039062,-529.3975830078125
-857.5669555664062,-858.1044311523438,-529.3742065429688
-857.5841674804688,-858.1442260742188,-529.3302612304688
-857.6019287109375,-858.175048828125,-529.2462158203125
-857.6244506835938,-858.2099609375,-529.1361694335938
-857.6453247070312,-858.232177734375,-528.9736938476562
-857.6664428710938,-858.2521362304688,-528.8888549804688
-857.6765747070312,-858.2503662109375,-528.8421630859375
-857.6701049804688,-858.2305908203125,-529.0183715820312
-857.620361328125,-858.1550903320312,-529.1973876953125
-857.4931030273438,-858.0087890625,-529.3818969726562
-857.2152709960938,-857.6830444335938,-529.473876953125
-856.7243041992188,-857.1732177734375,-529.5188598632812
-856.0462646484375,-856.2418823242188,-529.5361938476562
-855.5439453125,-855.5380249023438,-529.5466918945312
-855.6010131835938,-854.88427734375,-529.5474243164062
-856.2258911132812,-855.88720703125,-529.5347290039062
-856.9519653320312,-856.9075317382812,-529.4923095703125
-857.4459228515625,-857.8887329101562,-529.3964233398438
-857.7188720703125,-858.3089599609375,-529.2135009765625
-857.8602294921875,-858.4656982421875,-528.908935546875
-857.946533203125,-858.518798828125,-528.5696411132812
-858.010498046875,-858.5667724609375,-528.3884887695312
-858.0543212890625,-858.60498046875,-528.6727294921875
-858.09033203125,-858.6480712890625,-529.1533813476562
-858.1129760742188,-858.6785278320312,-529.5012817382812
-858.1334838867188,-858.7098388671875,-529.6063842773438
-858.1441650390625,-858.7285766601562,-529.61376953125
-858.1563110351562,-858.7490844726562,-529.6272583007812
-858.1605224609375,-858.7576293945312,-529.6447143554688
-858.1701049804688,-858.7703857421875,-529.6696166992188
-858.173828125,-858.7713623046875,-529.68408203125
-858.1864624023438,-858.781005859375,-529.6990356445312
-858.193115234375,-858.7793579101562,-529.7055053710938
-858.2073974609375,-858.79248046875,-529.7138671875
-858.2080688476562,-858.79541015625,-529.7150268554688
-858.2011108398438,-858.8182983398438,-529.7197875976562
-858.1522216796875,-858.8311157226562,-529.7169189453125
-858.0450439453125,-858.8638916015625,-529.7199096679688
-857.8186645507812,-858.8844604492188,-529.7147827148438
-857.4459228515625,-858.919677734375,-529.7180786132812
-856.959228515625,-858.9389038085938,-529.7128295898438
-856.5782470703125,-858.9639282226562,-529.7182006835938
-856.5564575195312,-858.9658813476562,-529.7146606445312
-856.8946533203125,-858.9569091796875,-529.7220458984375
-857.3914184570312,-858.9033203125,-529.7203369140625
-857.805419921875,-858.7875366210938,-529.72802734375
-858.1005249023438,-858.5623168945312,-529.727294921875
-858.2799072265625,-858.1213989257812,-529.7333984375
-858.3919067382812,-857.5264282226562,-529.733642578125
-858.47216796875,-856.5895385742188,-529.73681640625
-858.5230102539062,-856.300537109375,-529.7369995117188
-858.5653686523438,-856.248779296875,-529.7320556640625
-858.58740234375,-857.4012451171875,-529.7232666015625
-858.6083984375,-858.2850341796875,-529.6961669921875
-858.6124877929688,-858.8746948242188,-529.6614379882812
-858.6183471679688,-859.1077270507812,-529.5999755859375
-858.606201171875,-859.166748046875,-529.546142578125
-858.5938720703125,-859.1975708007812,-529.4927368164062
-858.5552978515625,-859.2073974609375,-529.511474609375
-858.504150390625,-859.2382202148438,-529.5767211914062
-858.4049682617188,-859.2550659179688,-529.7144775390625
-858.2662353515625,-859.2899169921875,-529.8432006835938
-858.0629272460938,-859.3087768554688,-529.9458618164062
-857.8405151367188,-859.3419799804688,-530.007080078125
-857.6592407226562,-859.3588256835938,-530.0384521484375
-857.6069946289062,-859.3876953125,-530.0582275390625
-857.7101440429688,-859.4000854492188,-530.0692138671875
-857.9115600585938,-859.4232788085938,-530.0819091796875
-858.15087890625,-859.4296875,-530.0912475585938
-858.3593139648438,-859.4465942382812,-530.1043090820312
-858.52490234375,-859.4452514648438,-530.1148071289062
-858.6448364257812,-859.4539184570312,-530.1288452148438
-858.7236938476562,-859.4401245117188,-530.1403198242188
-858.7820434570312,-859.4335327148438,-530.1544799804688
-858.8114624023438,-859.3930053710938,-530.1658935546875
-858.8345947265625,-859.3492431640625,-530.178955078125
-858.8328247070312,-859.240966796875,-530.1889038085938
-858.829345703125,-859.107666015625,-530.1994018554688
-858.7996215820312,-858.84326171875,-530.2060546875
-858.7666625976562,-858.5675659179688,-530.2117919921875
-858.703369140625,-858.1101684570312,-530.2120971679688
-858.634765625,-857.9163818359375,-530.2085571289062
-858.5410766601562,-857.6912231445312,-530.1954956054688
-858.4578247070312,-858.0886840820312,-530.1728515625
-858.3843383789062,-858.4485473632812,-530.1317138671875
-858.3584594726562,-858.9899291992188,-530.0722045898438
-858.375732421875,-859.3109130859375,-529.9796142578125
-858.4429931640625,-859.53857421875,-529.8700561523438
-858.5336303710938,-859.6441650390625,-529.7213745117188
-858.6380615234375,-859.7172241210938,-529.60595703125
-858.7321166992188,-859.75,-529.4788208007812
-858.818359375,-859.7854614257812,-529.4800415039062
-858.8799438476562,-859.800048828125,-529.5166625976562
-858.9330444335938,-859.8238525390625,-529.7141723632812
-858.96044921875,-859.8301391601562,-529.8966674804688
-858.9847412109375,-859.8475341796875,-530.0938110351562
-858.9845581054688,-859.8477783203125,-530.2035522460938
-858.985595703125,-859.8616943359375,-530.2725830078125
-858.963623046875,-859.857666015625,-530.3035888671875
-858.9465942382812,-859.8703002929688,-530.328857421875
-858.9102172851562,-859.8636474609375,-530.3429565429688
-858.8851928710938,-859.875732421875,-530.3621215820312
-858.8499145507812,-859.8653564453125,-530.3746337890625
-858.8358764648438,-859.8718872070312,-530.3930053710938
-858.82275390625,-859.8480834960938,-530.4055786132812
-858.8372192382812,-859.8316650390625,-530.4229736328125
-858.85546875,-859.7640991210938,-530.4349975585938
-858.8970336914062,-859.6830444335938,-530.4506225585938
-858.934814453125,-859.50146484375,-530.4613647460938
-858.9860229492188,-859.2913818359375,-530.4749145507812
-859.0240478515625,-858.908935546875,-530.484130859375
-859.0690307617188,-858.6314697265625,-530.49560546875
-859.0950927734375,-858.2349243164062,-530.5030517578125
-859.1266479492188,-858.3629760742188,-530.5125122070312
-859.1375122070312,-858.5001831054688,-530.5177001953125
-859.1554565429688,-859.0552368164062,-530.5242919921875
-859.1531372070312,-859.43359375,-530.525634765625
-859.1607055664062,-859.77490234375,-530.5263671875
-859.1499633789062,-859.9436645507812,-530.5177612304688
-859.1527099609375,-860.0582275390625,-530.5012817382812
-859.140380859375,-860.1077880859375,-530.4622802734375
-859.1452026367188,-860.1550903320312,-530.39013671875
-859.1383056640625,-860.1749877929688,-530.2615966796875
-859.151123046875,-860.2047119140625,-530.048828125
-859.15380859375,-860.2146606445312,-529.7971801757812
-859.1761474609375,-860.2359008789062,-529.568115234375
-859.1873168945312,-860.2389526367188,-529.639892578125
-859.2160034179688,-860.25439453125,-529.9302978515625
-859.230712890625,-860.2515258789062,-530.287353515625
-859.260498046875,-860.2630615234375,-530.4874877929688
-859.2734375,-860.2552490234375,-530.5498046875
-859.3001708984375,-860.264404296875,-530.5686645507812
-859.308349609375,-860.2517700195312,-530.5768432617188
-859.330322265625,-860.2574462890625,-530.5938110351562
-859.3331298828125,-860.2362670898438,-530.6047973632812
-859.3507080078125,-860.22998046875,-530.6187133789062
-859.3495483398438,-860.1844482421875,-530.6242065429688
-859.3646850585938,-860.141845703125,-530.630615234375
-859.3618774414062,-860.0300903320312,-530.6273803710938
-859.3768920898438,-859.9039306640625,-530.6224975585938
-859.3748168945312,-859.652099609375,-530.60400390625
-859.3916625976562,-859.41943359375,-530.5796508789062
-859.3919067382812,-859.032470703125,-530.5360107421875
-859.4114379882812,-858.9154663085938,-530.4848022460938
-859.4140625,-858.7543334960938,-530.4190063476562
-859.435791015625,-859.0982055664062,-530.3617553710938
-859.4398193359375,-859.3756713867188,-530.3272705078125
-859.4625244140625,-859.816650390625,-530.3320922851562
-859.466552734375,-860.07568359375,-530.3872680664062
-859.489013671875,-860.2811889648438,-530.4584350585938
-859.491943359375,-860.3773193359375,-530.5357666015625
-859.5133666992188,-860.45166015625,-530.585205078125
-859.5147705078125,-860.482666015625,-530.6170043945312
-859.5350341796875,-860.519287109375,-530.6244506835938
-859.5350341796875,-860.5319213867188,-530.622314453125
-859.5545043945312,-860.555908203125,-530.6088256835938
-859.5537109375,-860.5603637695312,-530.5907592773438
-859.5729370117188,-860.577392578125,-530.567138671875
-859.5719604492188,-860.57568359375,-530.5418701171875
-859.591552734375,-860.5878295898438,-530.5065307617188
-859.5908203125,-860.58056640625,-530.4655151367188
-859.6109008789062,-860.5890502929688,-530.3800048828125
-859.6105346679688,-860.5760498046875,-530.2618408203125
-859.6311645507812,-860.5802001953125,-530.0469970703125
-859.6309814453125,-860.5587768554688,-529.8726806640625
-859.6519165039062,-860.55322265625,-529.7593383789062
-859.651611328125,-860.5130004882812,-530.0262451171875
-859.672607421875,-860.482421875,-530.3796997070312
-859.6719970703125,-860.39697265625,-530.69189453125
-859.69287109375,-860.3118896484375,-530.814208984375
-859.6917724609375,-860.1346435546875,-530.83837890625
-859.7124633789062,-859.9742431640625,-530.837646484375
-859.7110595703125,-859.6893310546875,-530.836181640625
-859.7316284179688,-859.5543212890625,-530.8301391601562
-859.7298583984375,-859.3386840820312,-530.8199462890625
-859.7504272460938,-859.4847412109375,-530.7992553710938
-859.74853515625,-859.5875854492188,-530.7759399414062
-859.7691650390625,-859.947265625,-530.7410888671875
-859.7671508789062,-860.1821899414062,-530.7133178710938
-859.7879028320312,-860.4336547851562,-530.6795043945312
-859.7858276367188,-860.5665283203125,-530.6732177734375
-859.8065795898438,-860.6761474609375,-530.672607421875
-859.8043823242188,-860.7259521484375,-530.7132568359375
-859.8251953125,-860.7750244140625,-530.7589721679688
-859.8228759765625,-860.7935180664062,-530.826904296875
-859.8435668945312,-860.8214721679688,-530.8846435546875
-859.8411254882812,-860.82763671875,-530.9384765625
-859.8617553710938,-860.845947265625,-530.9769287109375
-859.8591918945312,-860.8446044921875,-531.0055541992188
-859.8797607421875,-860.8565673828125,-531.0238647460938
-859.8770751953125,-860.8487548828125,-531.0348510742188
-859.8976440429688,-860.8555297851562,-531.03857421875
-859.8949584960938,-860.8405151367188,-531.0340576171875
-859.9154052734375,-860.841064453125,-531.01806640625
-859.9127197265625,-860.815673828125,-530.9818115234375
-859.93310546875,-860.805419921875,-530.9143676757812
-859.9304809570312,-860.7608032226562,-530.7857666015625
-859.9507446289062,-860.7286987304688,-530.5862426757812
-859.9481811523438,-860.6461181640625,-530.2750244140625
-859.9683227539062,-860.5756225585938,-530.0182495117188
-859.9658203125,-860.4298706054688,-529.8895263671875
-859.9857177734375,-860.320556640625,-530.1668090820312
-859.9833374023438,-860.1192626953125,-530.5123901367188
-860.0029296875,-860.0462646484375,-530.7603149414062
-860.0006713867188,-859.9030151367188,-530.837646484375
-860.0200805664062,-860.0028686523438,-530.8645629882812
-860.0180053710938,-860.050048828125,-530.8870239257812
-860.0370483398438,-860.2918701171875,-530.9263916015625
-860.0352783203125,-860.4454956054688,-530.9658813476562
-860.0540161132812,-860.64990234375,-530.996826171875
-860.0526123046875,-860.7633056640625,-531.0169067382812
-860.0709228515625,-860.8743896484375,-531.0156860351562
-860.0698852539062,-860.9281005859375,-531.0020141601562
-860.0877685546875,-860.9832763671875,-530.96044921875
-860.0872192382812,-861.0050659179688,-530.9141845703125
-860.1045532226562,-861.0355224609375,-530.841552734375
-860.1045532226562,-861.0423583984375,-530.803955078125
-860.121337890625,-861.0607299804688,-530.7695922851562
-860.1219482421875,-861.0586547851562,-530.8238525390625
-860.1380615234375,-861.0692749023438,-530.8948364257812
-860.139404296875,-861.0595703125,-531.008056640625
-860.1547241210938,-861.0634765625,-531.0975341796875
-860.1569213867188,-861.045166015625,-531.164794921875
-860.1714477539062,-861.0411987304688,-531.2044677734375
-860.1746215820312,-861.0105590820312,-531.2254028320312
-860.1881713867188,-860.9946899414062,-531.2340087890625
-860.1925048828125,-860.9443359375,-531.2322998046875
-860.2049560546875,-860.909912109375,-531.2181396484375
-860.210693359375,-860.82861328125,-531.1852416992188
-860.2217407226562,-860.7716064453125,-531.1158447265625
-860.2290649414062,-860.653564453125,-530.9950561523438
-860.2386474609375,-860.5902709960938,-530.7758178710938
-860.247802734375,-860.4610595703125,-530.509033203125
-860.2555541992188,-860.44677734375,-530.2086791992188
-860.266845703125,-860.3768920898438,-530.2261352539062
-860.2723388671875,-860.465576171875,-530.47265625
-860.2860107421875,-860.5009155273438,-530.8591918945312
-860.28857421875,-860.6571655273438,-531.0745239257812
-860.304931640625,-860.7474365234375,-531.1261596679688
-860.3035888671875,-860.886474609375,-531.1097412109375
-860.322509765625,-860.9620971679688,-531.0742797851562
-860.3156127929688,-861.0509643554688,-531.0420532226562
-860.336669921875,-861.093994140625,-531.0046997070312
-860.3215942382812,-861.1448974609375,-530.9727172851562
-860.3430786132812,-861.1646728515625,-530.9498291015625
-860.3162841796875,-861.1942138671875,-530.9349365234375
-860.3355102539062,-861.2003173828125,-530.947265625
-860.2936401367188,-861.2178955078125,-530.95703125
-860.3093872070312,-861.2149047851562,-531.0009765625
-860.2552490234375,-861.2244262695312,-531.0299682617188
-860.2742309570312,-861.2136840820312,-531.090087890625
-860.2255859375,-861.2163696289062,-531.1322021484375
-860.265625,-861.197021484375,-531.1931762695312
-860.2481689453125,-861.192138671875,-531.236328125
-860.3180541992188,-861.1613159179688,-531.2828369140625
-860.3323974609375,-861.146728515625,-531.3137817382812
-860.4111328125,-861.099853515625,-531.3400268554688
-860.428466796875,-861.0739135742188,-531.3547973632812
-860.4890747070312,-861.0072021484375,-531.3626098632812
-860.4873657226562,-860.9736328125,-531.360107421875
-860.5231323242188,-860.8914184570312,-531.3448486328125
-860.4994506835938,-860.8671264648438,-531.3104858398438
-860.5186767578125,-860.791259765625,-531.2394409179688
-860.4804077148438,-860.8055419921875,-531.1195068359375
-860.4964599609375,-860.7691650390625,-530.90234375
-860.4580688476562,-860.8380126953125,-530.6408081054688
-860.4845581054688,-860.8532104492188,-530.3347778320312
-860.4627685546875,-860.954833984375,-530.3355102539062
-860.5042724609375,-860.9961547851562,-530.5629272460938
-860.5035400390625,-861.092529296875,-530.9623413085938
-860.5504760742188,-861.126953125,-531.2131958007812
-860.559326171875,-861.198486328125,-531.3097534179688
-860.5989379882812,-861.2119140625,-531.3394775390625
-860.6044921875,-861.2594604492188,-531.3572998046875
-860.6317749023438,-861.2534790039062,-531.3823852539062
-860.6284790039062,-861.285400390625,-531.4049682617188
-860.64501953125,-861.26904296875,-531.4281005859375
-860.6331787109375,-861.2949829101562,-531.4442749023438
-860.643798828125,-861.2800903320312,-531.4585571289062
-860.6273803710938,-861.3075561523438,-531.4647827148438
-860.6383056640625,-861.3016967773438,-531.4673461914062
-860.6228637695312,-861.3309326171875,-531.4591674804688
-860.6392822265625,-861.33056640625,-531.4432983398438
-860.629150390625,-861.3546142578125,-531.4108276367188
-860.6517944335938,-861.3489379882812,-531.362060546875
-860.6465454101562,-861.3607788085938,-531.2885131835938
-860.6719360351562,-861.3406372070312,-531.1861572265625
-860.667236328125,-861.3384399414062,-531.0642700195312
-860.69091796875,-861.3004150390625,-530.9122924804688
-860.6823120117188,-861.2879028320312,-530.8026123046875
-860.7021484375,-861.2342529296875,-530.7013549804688
-860.6874389648438,-861.2203369140625,-530.7437133789062
-860.7045288085938,-861.158935546875,-530.8204956054688
-860.6838989257812,-861.1558227539062,-530.9920654296875
-860.701171875,-861.0984497070312,-531.1094360351562
-860.6768188476562,-861.1182250976562,-531.1383666992188
-860.6976928710938,-861.0789794921875,-531.0366821289062
-860.672607421875,-861.1317138671875,-530.7728271484375
-860.6992797851562,-861.1259765625,-530.5739135742188
-860.6758422851562,-861.21044921875,-530.5110473632812
-860.7081909179688,-861.2396850585938,-530.8698120117188
-860.6873779296875,-861.3310546875,-531.2726440429688
-860.7236328125,-861.3721313476562,-531.5348510742188
-860.7052001953125,-861.4437255859375,-531.6211547851562
-860.7433471679688,-861.474365234375,-531.6383666992188
-860.7266235351562,-861.51953125,-531.6480102539062
-860.76513671875,-861.5333862304688,-531.66015625
-860.7496337890625,-861.5570678710938,-531.6732788085938
-860.78759765625,-861.5552368164062,-531.6840209960938
-860.7727661132812,-861.5631713867188,-531.6927490234375
-860.8094482421875,-861.5474853515625,-531.6993408203125
-860.7947998046875,-861.5440063476562,-531.7041625976562
-860.8294067382812,-861.5162963867188,-531.7070922851562
-860.8136596679688,-861.5057983398438,-531.70751953125
-860.8449096679688,-861.4693603515625,-531.7044067382812
-860.826171875,-861.4576416015625,-531.6959228515625
-860.851806640625,-861.41796875,-531.6791381835938
-860.8275146484375,-861.4114379882812,-531.649658203125
-860.843994140625,-861.3743286132812,-531.60009765625
-860.8126831054688,-861.3770141601562,-531.5225830078125
-860.8162231445312,-861.3461303710938,-531.4036254882812
-860.7838745117188,-861.359130859375,-531.2459106445312
-860.7764892578125,-861.3360595703125,-531.0421142578125
-860.7649536132812,-861.3596801757812,-530.8701171875
-860.760986328125,-861.3463745117188,-530.7308959960938
-860.7925415039062,-861.3809204101562,-530.7605590820312
-860.8045043945312,-861.3788452148438,-530.7999877929688
-860.8634643554688,-861.4219970703125,-530.85546875
-860.8807373046875,-861.4292602539062,-530.710205078125
-860.9317016601562,-861.4752807617188,-530.5323486328125
-860.93798828125,-861.486083984375,-530.3681640625
-860.9683227539062,-861.5283813476562,-530.6753540039062
-860.9601440429688,-861.5365600585938,-531.14306640625
-860.9754638671875,-861.571533203125,-531.5248413085938
-860.957275390625,-861.5734252929688,-531.6673583984375
-860.9678955078125,-861.6015014648438,-531.6952514648438
-860.9488525390625,-861.5971069335938,-531.7020874023438
-860.9657592773438,-861.6213989257812,-531.715576171875
-860.9568481445312,-861.6130981445312,-531.729248046875
-860.9865112304688,-861.636962890625,-531.7425537109375
-860.9926147460938,-861.6268920898438,-531.7509155273438
-861.031005859375,-861.65087890625,-531.7596435546875
-861.0468139648438,-861.6390991210938,-531.7643432617188
-861.08447265625,-861.6611938476562,-531.7708740234375
-861.1008911132812,-861.6458129882812,-531.7736206054688
-861.1316528320312,-861.6636352539062,-531.7789306640625
-861.1435546875,-861.6428833007812,-531.780029296875
-861.1665649414062,-861.6558837890625,-531.7837524414062
-861.1726684570312,-861.6296997070312,-531.7825927734375
-861.1890258789062,-861.6396484375,-531.783447265625
-861.1893310546875,-861.6101684570312,-531.7780151367188
-861.200439453125,-861.6207275390625,-531.7724609375
-861.1951293945312,-861.5916748046875,-531.7579956054688
-861.2021484375,-861.6069946289062,-531.737060546875
-861.1914672851562,-861.5828247070312,-531.7008666992188
-861.1958618164062,-861.6058349609375,-531.6409912109375
-861.179931640625,-861.58984375,-531.5494384765625
-861.1825561523438,-861.6209716796875,-531.3863525390625
-861.158447265625,-861.61376953125,-531.153564453125
-861.15625,-861.6505737304688,-530.7388305664062
-861.10888671875,-861.6497802734375,-530.26904296875
-861.0859985351562,-861.688232421875,-529.6761474609375
-860.9661865234375,-861.6900024414062,-529.6964111328125
-860.8961181640625,-861.7260131835938,-530.2041015625
-860.6593627929688,-861.726318359375,-531.0413208007812
-860.644287109375,-861.75732421875,-531.5401000976562
-860.5598754882812,-861.7533569335938,-531.7317504882812
-860.77490234375,-861.7785034179688,-531.8058471679688
-860.9532470703125,-861.76904296875,-531.8579711914062
-861.130859375,-861.7891845703125,-531.9015502929688
-861.2367553710938,-861.77490234375,-531.9314575195312
-861.3058471679688,-861.7921142578125,-531.9518432617188
-861.3369750976562,-861.7752075195312,-531.9658813476562
-861.354736328125,-861.7913818359375,-531.9765625
-861.3447875976562,-861.7742309570312,-531.9852294921875
-861.3261108398438,-861.7898559570312,-531.9926147460938
-861.273193359375,-861.7730712890625,-531.9988403320312
-861.2185668945312,-861.7868041992188,-532.004150390625
-861.1282348632812,-861.7687377929688,-532.0083618164062
-861.0759887695312,-861.7786865234375,-532.01123046875
-861.0156860351562,-861.7570190429688,-532.0121459960938
-861.0411987304688,-861.7622680664062,-532.01025390625
-861.0648803710938,-861.73583984375,-532.0042114257812
-861.1406860351562,-861.7376098632812,-531.9915771484375
-861.1849975585938,-861.7073974609375,-531.969482421875
-861.2445678710938,-861.7092895507812,-531.9318237304688
-861.2672729492188,-861.679443359375,-531.8740844726562
-861.30078125,-861.6873168945312,-531.78369140625
-861.2969360351562,-861.6646728515625,-531.6648559570312
-861.3076782226562,-861.6842651367188,-531.5033569335938
-861.2741088867188,-861.6749267578125,-531.3609619140625
-861.2684936523438,-861.707763671875,-531.2305908203125
-861.2105102539062,-861.71240234375,-531.25537109375
-861.2073974609375,-861.7536010742188,-531.3362426757812
-861.1487426757812,-861.7666625976562,-531.5302124023438
-861.1700439453125,-861.808349609375,-531.665771484375
-861.13623046875,-861.8223876953125,-531.7406005859375
-861.1812133789062,-861.8583984375,-531.6564331054688
-861.1719360351562,-861.8677368164062,-531.2769165039062
-861.2235107421875,-861.8950805664062,-530.4185180664062
-861.2244262695312,-861.896484375,-529.0359497070312
-861.2720336914062,-861.9142456054688,-529.0433959960938
-861.271484375,-861.9058227539062,-530.6544189453125
-861.310791015625,-861.914794921875,-531.6693115234375
-861.3011474609375,-861.8959350585938,-531.719970703125
-861.3305053710938,-861.8995971679688,-531.7484130859375
-861.3092041015625,-861.8731079101562,-531.8985595703125
-861.33056640625,-861.8790893554688,-531.9713745117188
-861.3017578125,-861.8528442382812,-531.9979858398438
-861.3198852539062,-861.8701171875,-532.015380859375
-861.2913208007812,-861.852783203125,-532.036376953125
-861.310302734375,-861.8826904296875,-532.0506591796875
-861.2886962890625,-861.8750610351562,-532.0645751953125
-861.3104858398438,-861.9095458984375,-532.0733032226562
-861.29833984375,-861.905517578125,-532.0833740234375
-861.3231811523438,-861.9365844726562,-532.0888671875
-861.3196411132812,-861.93115234375,-532.095458984375
-861.3464965820312,-861.9568481445312,-532.0969848632812
-861.348388671875,-861.9486694335938,-532.0988159179688
-861.3746948242188,-861.9702758789062,-532.093994140625
-861.3779296875,-861.9598388671875,-532.0873413085938
-861.4010620117188,-861.9793701171875,-532.070068359375
-861.4026489257812,-861.9674072265625,-532.0447387695312
-861.4215087890625,-861.9864501953125,-532.0003662109375
-861.420654296875,-861.9739379882812,-531.9315185546875
-861.4356689453125,-861.9937744140625,-531.8309936523438
-861.4328002929688,-861.9818115234375,-531.6729736328125
-861.4451904296875,-862.0033569335938,-531.5026245117188
-861.4411010742188,-861.9928588867188,-531.2627563476562
-861.4524536132812,-862.0161743164062,-531.1903686523438
-861.4479370117188,-862.0075073242188,-531.1505737304688
-861.4598999023438,-862.0316772460938,-531.4164428710938
-861.4555053710938,-862.0242309570312,-531.673095703125
-861.4690551757812,-862.0477905273438,-531.9322509765625
-861.4639282226562,-862.0404052734375,-532.0818481445312
-861.478515625,-862.0618896484375,-532.1489868164062
-861.4696044921875,-862.0534057617188,-532.146240234375
-861.4830322265625,-862.072021484375,-532.0523681640625
-861.4656372070312,-862.0615234375,-531.7800903320312
-861.4754638671875,-862.0773315429688,-531.1342163085938
-861.4447631835938,-862.0645141601562,-530.08642578125
-861.4495239257812,-862.0778198242188,-529.4060668945312
-861.4019775390625,-862.0629272460938,-530.3742065429688
-861.4028930664062,-862.0746459960938,-531.8173217773438
-861.3394775390625,-862.0582885742188,-532.1549682617188
-861.3430786132812,-862.0692138671875,-532.095458984375
-861.2744140625,-862.0521850585938,-532.154296875
-861.2940063476562,-862.0628662109375,-532.229248046875
-861.2421264648438,-862.0457153320312,-532.2528076171875
-861.2900390625,-862.0560913085938,-532.2593994140625
-861.27392578125,-862.0386962890625,-532.2655029296875
-861.345947265625,-862.0481567382812,-532.2694091796875
-861.361572265625,-862.0296020507812,-532.266845703125
-861.4376220703125,-862.0372924804688,-532.2560424804688
-861.4647216796875,-862.0164794921875,-532.23291015625
-861.5286254882812,-862.0221557617188,-532.1925048828125
-861.5517578125,-861.9989624023438,-532.1254272460938
-861.5984497070312,-862.00439453125,-532.0203857421875
-861.610107421875,-861.9815063476562,-531.8739013671875
-861.63818359375,-861.9911499023438,-531.6748046875
-861.6309814453125,-861.9744262695312,-531.4988403320312
-861.635986328125,-861.9935302734375,-531.3292236328125
-861.5968017578125,-861.9885864257812,-531.3812866210938
-861.5735473632812,-862.0185546875,-531.4600830078125
-861.4949340820312,-862.0256958007812,-531.7041015625
-861.4686889648438,-862.0617065429688,-531.8635864257812
-861.4112548828125,-862.0750732421875,-532.0267944335938
-861.4618530273438,-862.1099243164062,-532.1251220703125
-861.5179443359375,-862.1221923828125,-532.209716796875
-861.6248168945312,-862.150634765625,-532.266357421875
-861.711669921875,-862.156982421875,-532.3108520507812
-861.7808837890625,-862.1768188476562,-532.3372802734375
-861.8271484375,-862.174560546875,-532.3443603515625
-861.8546142578125,-862.1849975585938,-532.3147583007812
-861.8695068359375,-862.171875,-532.2032470703125
-861.86962890625,-862.1727294921875,-531.8941040039062
-861.861083984375,-862.14697265625,-531.153076171875
-861.8343505859375,-862.1409912109375,-529.9107055664062
-861.8031005859375,-862.1049194335938,-529.3197021484375
-861.7490844726562,-862.1026000976562,-530.5551147460938
-861.7062377929688,-862.0682373046875,-532.0169067382812
-861.6446533203125,-862.0856323242188,-532.1764526367188
-861.6214599609375,-862.0689086914062,-532.1390991210938
-861.5875854492188,-862.1085815429688,-532.2434692382812
-861.5924682617188,-862.1099853515625,-532.3035278320312
-861.5787353515625,-862.1555786132812,-532.2950439453125
-861.571044921875,-862.1621704101562,-532.2667846679688
-861.5429077148438,-862.2001953125,-532.2191162109375
-861.5012817382812,-862.2033081054688,-532.1363525390625
-861.4674072265625,-862.2318115234375,-532.01904296875
-861.4275512695312,-862.2300415039062,-531.8479614257812
-861.4370727539062,-862.2515869140625,-531.6942749023438
-861.4573974609375,-862.2455444335938,-531.51904296875
-861.5243530273438,-862.2626342773438,-531.541259765625
-861.602294921875,-862.2530517578125,-531.5953979492188
-861.6697998046875,-862.2677001953125,-531.8432006835938
-861.7520751953125,-862.2553100585938,-532.0308227539062
-861.783935546875,-862.2694091796875,-532.2090454101562
-861.8509521484375,-862.255615234375,-532.3121337890625
-861.8604736328125,-862.2708740234375,-532.382080078125
-861.9151611328125,-862.2573852539062,-532.4239501953125
-861.9117431640625,-862.2747192382812,-532.4546508789062
-861.9430541992188,-862.2628784179688,-532.47607421875
-861.9051513671875,-862.281982421875,-532.4932250976562
-861.8677368164062,-862.2720336914062,-532.505615234375
-861.711669921875,-862.2914428710938,-532.5156860351562
-861.4904174804688,-862.282470703125,-532.5218505859375
-861.1277465820312,-862.3007202148438,-532.5243530273438
-860.9144897460938,-862.29150390625,-532.5177001953125
-860.940673828125,-862.3074340820312,-532.4920654296875
-861.2251586914062,-862.2970581054688,-532.4133911132812
-861.4473876953125,-862.3104858398438,-532.1961669921875
-861.5887451171875,-862.298583984375,-531.607177734375
-861.6665649414062,-862.3099365234375,-530.3536376953125
-861.7516479492188,-862.2965698242188,-528.7669677734375
-861.8074951171875,-862.3065185546875,-529.768798828125
-861.8681030273438,-862.2921142578125,-531.6302490234375
-861.8858032226562,-862.3013305664062,-532.1058349609375
-861.89599609375,-862.2865600585938,-531.9129638671875
-861.8516235351562,-862.2955322265625,-531.91357421875
-861.7875366210938,-862.2807006835938,-531.897705078125
-861.6625366210938,-862.28955078125,-531.7645874023438
-861.5426025390625,-862.2745361328125,-531.7174072265625
-861.4329833984375,-862.2828369140625,-531.6546630859375
-861.4371337890625,-862.2669677734375,-531.78466796875
-861.5219116210938,-862.274169921875,-531.88623046875
-861.6588745117188,-862.2567749023438,-532.1045532226562
-861.7823486328125,-862.2630004882812,-532.260009765625
-861.871826171875,-862.2443237304688,-532.3978271484375
-861.936767578125,-862.2511596679688,-532.4825439453125
-861.971923828125,-862.2335815429688,-532.5393676757812
-861.9920654296875,-862.2442016601562,-532.5751342773438
-861.9844970703125,-862.2318725585938,-532.5996704101562
-861.9602661132812,-862.2493896484375,-532.6168823242188
-861.9071044921875,-862.2457885742188,-532.630126953125
-861.8385620117188,-862.2706909179688,-532.6406860351562
-861.7543334960938,-862.2754516601562,-532.6497802734375
-861.6836547851562,-862.30419921875,-532.6575927734375
-861.6395263671875,-862.313232421875,-532.6644897460938
-861.6500244140625,-862.341064453125,-532.6700439453125
-861.68994140625,-862.3492431640625,-532.6741333007812
-861.7644653320312,-862.3722534179688,-532.675537109375
-861.8239135742188,-862.375732421875,-532.6734619140625
-861.890380859375,-862.3919067382812,-532.6649169921875
-861.9271850585938,-862.3880615234375,-532.6465454101562
-861.9639282226562,-862.3961791992188,-532.6103515625
-861.9722290039062,-862.3826904296875,-532.5435180664062
-861.9765625,-862.3822631835938,-532.4204711914062
-861.9557495117188,-862.3572387695312,-532.17578125
-861.9303588867188,-862.3508911132812,-531.6587524414062
-861.888671875,-862.3167114257812,-530.3944702148438
-861.8509521484375,-862.3145751953125,-527.7393188476562
-861.8160400390625,-862.2828369140625,-526.6921997070312
-861.7999267578125,-862.2998046875,-529.3623046875
-861.8003540039062,-862.2848510742188,-531.4810791015625
-861.8162841796875,-862.322509765625,-531.5238037109375
-861.8414916992188,-862.323974609375,-531.9806518554688
-861.8598022460938,-862.3670043945312,-532.3012084960938
-861.8797607421875,-862.373046875,-532.384521484375
-861.8711547851562,-862.4091796875,-532.483642578125
-861.8673095703125,-862.4122314453125,-532.5479736328125
-861.8145141601562,-862.4395141601562,-532.5855712890625
-861.780029296875,-862.438232421875,-532.6142578125
-861.67822265625,-862.4590454101562,-532.6388549804688
-861.6300659179688,-862.4539794921875,-532.6572265625
-861.5130615234375,-862.4706420898438,-532.672119140625
-861.5119018554688,-862.4625244140625,-532.6829833984375
-861.46728515625,-862.476806640625,-532.6918334960938
-861.5657348632812,-862.46630859375,-532.6969604492188
-861.6320190429688,-862.4796142578125,-532.6990966796875
-861.7739868164062,-862.467529296875,-532.6959838867188
-861.8720703125,-862.4810180664062,-532.6865844726562
-861.9757690429688,-862.4684448242188,-532.6666870117188
-862.041259765625,-862.4827880859375,-532.6315307617188
-862.0928344726562,-862.470703125,-532.5744018554688
-862.12060546875,-862.4860229492188,-532.4810791015625
-862.1361694335938,-862.4749145507812,-532.3536987304688
-862.1365966796875,-862.4906005859375,-532.1635131835938
-862.1294555664062,-862.48046875,-531.997802734375
-862.109375,-862.4955444335938,-531.8110961914062
-862.0872192382812,-862.4859008789062,-531.8767700195312
-862.0476684570312,-862.4996337890625,-531.98779296875
-862.0137939453125,-862.4898681640625,-532.2918701171875
-861.9456787109375,-862.501953125,-532.5009765625
-861.8990478515625,-862.4916381835938,-532.6609497070312
-861.7919921875,-862.5020751953125,-532.7421875
-861.7582397460938,-862.4910278320312,-532.7908325195312
-861.6834106445312,-862.5000610351562,-532.8160400390625
-861.744140625,-862.48828125,-532.8231201171875
-861.8116455078125,-862.4962768554688,-532.7850341796875
-861.9295043945312,-862.4839477539062,-532.6068725585938
-862.0289916992188,-862.4912109375,-531.9146728515625
-862.1002197265625,-862.4783935546875,-529.928466796875
-862.147705078125,-862.4851684570312,-526.6072387695312
-862.169189453125,-862.4717407226562,-529.796142578125
-862.1787719726562,-862.4780883789062,-532.2916870117188
-862.1715698242188,-862.4639282226562,-532.2662353515625
-862.157470703125,-862.4700317382812,-532.3607788085938
-862.1298828125,-862.455078125,-532.55029296875
-862.0977172851562,-862.4613647460938,-532.5248413085938
-862.0569458007812,-862.4462890625,-532.4946899414062
-862.0204467773438,-862.4539184570312,-532.443115234375
-861.9890747070312,-862.440185546875,-532.336181640625
-861.9794921875,-862.4508666992188,-532.2140502929688
-861.9847412109375,-862.4408569335938,-532.0620727539062
-862.0140991210938,-862.4561157226562,-532.0003662109375
-862.0451049804688,-862.4517211914062,-531.9392700195312
-862.0838623046875,-862.4718017578125,-532.0877075195312
-862.110107421875,-862.4730834960938,-532.2037963867188
-862.1341552734375,-862.4959716796875,-532.4308471679688
-862.1439208984375,-862.5007934570312,-532.5757446289062
-862.1486206054688,-862.5236206054688,-532.7103881835938
-862.1421508789062,-862.5287475585938,-532.7915649414062
-862.1278076171875,-862.5487670898438,-532.85107421875
-862.1085205078125,-862.5511474609375,-532.8895263671875
-862.0769653320312,-862.5662841796875,-532.91748046875
-862.0528564453125,-862.5634155273438,-532.9373779296875
-862.011474609375,-862.572265625,-532.9530029296875
-861.996337890625,-862.5617065429688,-532.9653930664062
-861.9568481445312,-862.5632934570312,-532.9757080078125
-861.9605102539062,-862.5430297851562,-532.9838256835938
-861.9296264648438,-862.5384521484375,-532.989501953125
-861.9498901367188,-862.5090942382812,-532.9911499023438
-861.926513671875,-862.5049438476562,-532.9866333007812
-861.9579467773438,-862.4739990234375,-532.97119140625
-861.942138671875,-862.482666015625,-532.9358520507812
-861.9837036132812,-862.4622802734375,-532.8639526367188
-861.9788208007812,-862.4899291992188,-532.7106323242188
-862.028564453125,-862.4845581054688,-532.368896484375
-862.0349731445312,-862.5224609375,-531.4290161132812
-862.0853271484375,-862.5250854492188,-528.6937255859375
-862.0971069335938,-862.5612182617188,-525.2879638671875
-862.1392822265625,-862.5643920898438,-526.6297607421875
-862.14892578125,-862.5940551757812,-531.1576538085938
-862.178955078125,-862.594970703125,-531.1126708984375
-862.182373046875,-862.61865234375,-531.963134765625
-862.2008056640625,-862.6168212890625,-532.4043579101562
